image_filename	text_label
8996001307847_nutrition_en_full_crop_0009.png	PER
8996001307847_nutrition_en_full_crop_0012.png	SERVING
8996001307847_nutrition_en_full_crop_0017.png	AN) a
8996001307847_nutrition_en_full_crop_0019.png	PER
8996001307847_nutrition_en_full_crop_0022.png	Selig tote
8996001307847_nutrition_en_full_crop_0025.png	arith
8996001307847_nutrition_en_full_crop_0029.png	4
8996001307847_nutrition_en_full_crop_0031.png	LO. a Onn avout
8996001307847_nutrition_en_full_crop_0034.png	uy
8996001307847_nutrition_en_full_crop_0041.png	rd
8996001307847_nutrition_en_full_crop_0043.png	Nici]
8996001307847_nutrition_en_full_crop_0047.png	pcr ad
8996001307847_nutrition_en_full_crop_0053.png	aca Cll
8996001307847_nutrition_en_full_crop_0057.png	ae}
8996001307847_nutrition_en_full_crop_0063.png	en
8996001307847_nutrition_en_full_crop_0066.png	Vitamin
8996001307847_nutrition_en_full_crop_0071.png	ae hea
8996001307847_nutrition_en_full_crop_0093.png	2150
8996001307847_nutrition_en_full_crop_0110.png	foil a
8997238580010_nutrition_en_full_crop_0005.png	Tig
8997238580010_nutrition_en_full_crop_0007.png	Sajian
8997238580010_nutrition_en_full_crop_0010.png	JUMLAH
8997238580010_nutrition_en_full_crop_0011.png	PER
8997238580010_nutrition_en_full_crop_0016.png	Total
8997238580010_nutrition_en_full_crop_0020.png	can
8997238580010_nutrition_en_full_crop_0055.png	rendah.
8997238580010_nutrition_en_full_crop_0056.png	ee
8997238580010_nutrition_en_full_crop_0063.png	ore ges |
8857124252547_nutrition_en_full_crop_0000.png	voualnbuinis
8857124252547_nutrition_en_full_crop_0001.png	nuonuovuUSLNA
8857124252547_nutrition_en_full_crop_0004.png	bOD
8857124252547_nutrition_en_full_crop_0007.png	S1UDUNUOYUSLNANO
8857124252547_nutrition_en_full_crop_0008.png	bOvD
8857124252547_nutrition_en_full_crop_0011.png	AtUMMOlNBUIMSfionUonUOYUSINA
8857124252547_nutrition_en_full_crop_0012.png	waoolunonun
8857124252547_nutrition_en_full_crop_0013.png	250
8857124252547_nutrition_en_full_crop_0014.png	lAaos
8857124252547_nutrition_en_full_crop_0015.png	Sova:vooUSUICNIU:UuInOSU
8857124252547_nutrition_en_full_crop_0016.png	lugunonua
8857124252547_nutrition_en_full_crop_0024.png	aisluleinsnnonua
8857124252547_nutrition_en_full_crop_0028.png	uma
8857124252547_nutrition_en_full_crop_0031.png	luifuu
8857124252547_nutrition_en_full_crop_0036.png	*Soua:vooUSUIMa Iso mMnsnilu:WHUSLNATODU
8857124252547_nutrition_en_full_crop_0037.png	a¢nnsuaulnyoweouci
8857124252547_nutrition_en_full_crop_0038.png	Utulu(Thai
8857124252547_nutrition_en_full_crop_0039.png	lauAa
8857124252547_nutrition_en_full_crop_0042.png	Alaunaos
8857124252547_nutrition_en_full_crop_0043.png	DINADIWNOONISWadNIUDUA:
8857124252547_nutrition_en_full_crop_0044.png	2,
8857124252547_nutrition_en_full_crop_0046.png	LS IAALMAIINUAIWUNULIATA
8857124252547_nutrition_en_full_crop_0047.png	US lNAUAUOL
8857124252547_nutrition_en_full_crop_0048.png	Wavaanniainigiwaqguniw
8997033003585_nutrition_en_full_crop_0007.png	Takaran
8997033003585_nutrition_en_full_crop_0008.png	Saji
8997033003585_nutrition_en_full_crop_0012.png	Size
8997033003585_nutrition_en_full_crop_0013.png	309
8997033003585_nutrition_en_full_crop_0022.png	Tare
8997033003585_nutrition_en_full_crop_0026.png	":
&"
8997033003585_nutrition_en_full_crop_0039.png	Energi
8997033003585_nutrition_en_full_crop_0047.png	from
8997033003585_nutrition_en_full_crop_0053.png	& Daily
8997033003585_nutrition_en_full_crop_0081.png	5%
8997033003585_nutrition_en_full_crop_0085.png	Karbohidrat
8997033003585_nutrition_en_full_crop_0102.png	S3img
8997033003585_nutrition_en_full_crop_0112.png	135mg
8997033003585_nutrition_en_full_crop_0117.png	rR
8997033003585_nutrition_en_full_crop_0119.png	tut
8997033003585_nutrition_en_full_crop_0133.png	a
8997225122506_nutrition_en_full_crop_0003.png	Nutrition
8997225122506_nutrition_en_full_crop_0006.png	=
8997225122506_nutrition_en_full_crop_0011.png	than
8997225122506_nutrition_en_full_crop_0012.png	tetvr
8997225122506_nutrition_en_full_crop_0013.png	Serving
8997225122506_nutrition_en_full_crop_0017.png	Consumer
8997225122506_nutrition_en_full_crop_0021.png	Values’
8997225122506_nutrition_en_full_crop_0022.png	pean ly
8997225122506_nutrition_en_full_crop_0025.png	Te
8997225122506_nutrition_en_full_crop_0028.png	Fat
8997225122506_nutrition_en_full_crop_0032.png	OF
8997225122506_nutrition_en_full_crop_0036.png	oft
8997225122506_nutrition_en_full_crop_0037.png	ty
8997225122506_nutrition_en_full_crop_0040.png	pre
8997225122506_nutrition_en_full_crop_0042.png	mia
8997225122506_nutrition_en_full_crop_0046.png	10%
8997225122506_nutrition_en_full_crop_0047.png	you
8997225122506_nutrition_en_full_crop_0048.png	ma
8997225122506_nutrition_en_full_crop_0050.png	um
8997225122506_nutrition_en_full_crop_0054.png	oF
8997225122506_nutrition_en_full_crop_0057.png	Carbohydrates
8997225122506_nutrition_en_full_crop_0058.png	~
8997225122506_nutrition_en_full_crop_0059.png	2mquiagt.:
8997225122506_nutrition_en_full_crop_0062.png	please
8997225122506_nutrition_en_full_crop_0065.png	Fiuber
8997225122506_nutrition_en_full_crop_0070.png	r)
8997225122506_nutrition_en_full_crop_0075.png	ugar
8997225122506_nutrition_en_full_crop_0078.png	FB
8997225122506_nutrition_en_full_crop_0079.png	ae
8997225122506_nutrition_en_full_crop_0080.png	Protein
8997225122506_nutrition_en_full_crop_0081.png	bali
8997225122506_nutrition_en_full_crop_0082.png	how
8997225122506_nutrition_en_full_crop_0084.png	telis
8997225122506_nutrition_en_full_crop_0086.png	you
8997225122506_nutrition_en_full_crop_0089.png	Daily
8997225122506_nutrition_en_full_crop_0092.png	of
8997225122506_nutrition_en_full_crop_0094.png	nutrient
8997225122506_nutrition_en_full_crop_0095.png	in
8997225122506_nutrition_en_full_crop_0096.png	much
8997225122506_nutrition_en_full_crop_0106.png	daily
8997225122506_nutrition_en_full_crop_0107.png	to
8997225122506_nutrition_en_full_crop_0108.png	contributes
8997225122506_nutrition_en_full_crop_0113.png	used
8997225122506_nutrition_en_full_crop_0114.png	to
8997225122506_nutrition_en_full_crop_0116.png	as
8997225122506_nutrition_en_full_crop_0120.png	nutrition
8997225122506_nutrition_en_full_crop_0121.png	BREAD
8997225122506_nutrition_en_full_crop_0123.png	Ingredients
8997225122506_nutrition_en_full_crop_0127.png	Timut,
8997225122506_nutrition_en_full_crop_0128.png	Ry?
8997225122506_nutrition_en_full_crop_0129.png	yeast
8997225122506_nutrition_en_full_crop_0132.png	Scairadough,
8997225122506_nutrition_en_full_crop_0133.png	O3S0402-
8997225122506_nutrition_en_full_crop_0135.png	2065171
8997225122506_nutrition_en_full_crop_0137.png	122506
8997225122506_nutrition_en_full_crop_0138.png	997229
8997225122506_nutrition_en_full_crop_0142.png	i
8997225122506_nutrition_en_full_crop_0144.png	B2zbuvU
8997225122506_nutrition_en_full_crop_0147.png	25/03/2023
8997225122506_nutrition_en_full_crop_0150.png	2
8997209920012_nutrition_en_full_crop_0000.png	riaue
8997209920012_nutrition_en_full_crop_0004.png	ingredient
8997209920012_nutrition_en_full_crop_0005.png	UE-T =F}
8997209920012_nutrition_en_full_crop_0008.png	been
8997209920012_nutrition_en_full_crop_0009.png	Granola
8997209920012_nutrition_en_full_crop_0010.png	ate hd
8997209920012_nutrition_en_full_crop_0012.png	carefully
8997209920012_nutrition_en_full_crop_0013.png	selected
8997209920012_nutrition_en_full_crop_0014.png	isla
8997209920012_nutrition_en_full_crop_0015.png	Na)
8997209920012_nutrition_en_full_crop_0016.png	and
8997209920012_nutrition_en_full_crop_0018.png	quality
8997209920012_nutrition_en_full_crop_0019.png	Malte Latta
8997209920012_nutrition_en_full_crop_0020.png	partially
8997209920012_nutrition_en_full_crop_0021.png	locally
8997209920012_nutrition_en_full_crop_0023.png	nh
8997209920012_nutrition_en_full_crop_0026.png	Tete ii
8997209920012_nutrition_en_full_crop_0027.png	t= gal-dey
8997209920012_nutrition_en_full_crop_0028.png	Setiap
8997209920012_nutrition_en_full_crop_0029.png	bahan
8997209920012_nutrition_en_full_crop_0031.png	memproduksi
8997209920012_nutrition_en_full_crop_0032.png	untuk
8997209920012_nutrition_en_full_crop_0033.png	digunakan
8997209920012_nutrition_en_full_crop_0034.png	granola
8997209920012_nutrition_en_full_crop_0035.png	yang
8997209920012_nutrition_en_full_crop_0037.png	diseleksi
8997209920012_nutrition_en_full_crop_0038.png	sebagian
8997209920012_nutrition_en_full_crop_0039.png	untuk
8997209920012_nutrition_en_full_crop_0040.png	dan
8997209920012_nutrition_en_full_crop_0041.png	kualitas
8997209920012_nutrition_en_full_crop_0043.png	merupakan
8997209920012_nutrition_en_full_crop_0044.png	hasil
8997209920012_nutrition_en_full_crop_0045.png	perkebunan
8997209920012_nutrition_en_full_crop_0046.png	kecil
8997209920012_nutrition_en_full_crop_0047.png	di
8997209920012_nutrition_en_full_crop_0049.png	lokal
8997209920012_nutrition_en_full_crop_0050.png	petani
8997209920012_nutrition_en_full_crop_0052.png	Informasi
8997209920012_nutrition_en_full_crop_0053.png	Nilai
8997209920012_nutrition_en_full_crop_0054.png	Gizi
8997209920012_nutrition_en_full_crop_0055.png	Nutrition
8997209920012_nutrition_en_full_crop_0057.png	Saji
8997209920012_nutrition_en_full_crop_0058.png	Takaran
8997209920012_nutrition_en_full_crop_0060.png	Serving
8997209920012_nutrition_en_full_crop_0061.png	size
8997209920012_nutrition_en_full_crop_0062.png	20g
8997209920012_nutrition_en_full_crop_0063.png	Saji
8997209920012_nutrition_en_full_crop_0064.png	Per
8997209920012_nutrition_en_full_crop_0065.png	Kemasan
8997209920012_nutrition_en_full_crop_0067.png	Serving
8997209920012_nutrition_en_full_crop_0069.png	bag
8997209920012_nutrition_en_full_crop_0071.png	per
8997209920012_nutrition_en_full_crop_0072.png	Sajian
8997209920012_nutrition_en_full_crop_0073.png	Jumlah
8997209920012_nutrition_en_full_crop_0074.png	Per
8997209920012_nutrition_en_full_crop_0075.png	Amount
8997209920012_nutrition_en_full_crop_0076.png	Per
8997209920012_nutrition_en_full_crop_0077.png	Serving
8997209920012_nutrition_en_full_crop_0078.png	Total
8997209920012_nutrition_en_full_crop_0081.png	Energy
8997209920012_nutrition_en_full_crop_0082.png	Energi
8997209920012_nutrition_en_full_crop_0084.png	Energi
8997209920012_nutrition_en_full_crop_0086.png	lemak
8997209920012_nutrition_en_full_crop_0087.png	Energy.
8997209920012_nutrition_en_full_crop_0088.png	from
8997209920012_nutrition_en_full_crop_0089.png	fat
8997209920012_nutrition_en_full_crop_0090.png	30kkal
8997209920012_nutrition_en_full_crop_0092.png	AKG*
8997209920012_nutrition_en_full_crop_0095.png	Fat
8997209920012_nutrition_en_full_crop_0096.png	3.59
8997209920012_nutrition_en_full_crop_0099.png	Lemak
8997209920012_nutrition_en_full_crop_0103.png	29g
8997209920012_nutrition_en_full_crop_0105.png	Kolesterol
8997209920012_nutrition_en_full_crop_0106.png	Cholesterol
8997209920012_nutrition_en_full_crop_0107.png	Omg
8997209920012_nutrition_en_full_crop_0109.png	Protein
8997209920012_nutrition_en_full_crop_0110.png	Protein
8997209920012_nutrition_en_full_crop_0112.png	3%
8997209920012_nutrition_en_full_crop_0113.png	Karbohidrat
8997209920012_nutrition_en_full_crop_0117.png	Carbohydrate
8997209920012_nutrition_en_full_crop_0118.png	13g
8997209920012_nutrition_en_full_crop_0119.png	4%
8997209920012_nutrition_en_full_crop_0120.png	Pa
8997209920012_nutrition_en_full_crop_0121.png	Serat
8997209920012_nutrition_en_full_crop_0122.png	Pangan
8997209920012_nutrition_en_full_crop_0123.png	Dietary
8997209920012_nutrition_en_full_crop_0125.png	29
8997209920012_nutrition_en_full_crop_0127.png	Kis
8997209920012_nutrition_en_full_crop_0128.png	Gula
8997209920012_nutrition_en_full_crop_0130.png	Sugat:
8997209920012_nutrition_en_full_crop_0131.png	3g
8997209920012_nutrition_en_full_crop_0132.png	Natrium
8997209920012_nutrition_en_full_crop_0138.png	Vitamin
8997209920012_nutrition_en_full_crop_0139.png	Cé
8997209920012_nutrition_en_full_crop_0142.png	Kalsiumn
8997209920012_nutrition_en_full_crop_0143.png	2%
8997209920012_nutrition_en_full_crop_0147.png	4g
8997209920012_nutrition_en_full_crop_0148.png	2%
8997209920012_nutrition_en_full_crop_0149.png	*Persen
8997209920012_nutrition_en_full_crop_0150.png	AKG
8997209920012_nutrition_en_full_crop_0152.png	berdasarkan
8997209920012_nutrition_en_full_crop_0154.png	Mungkin
8997209920012_nutrition_en_full_crop_0155.png	kebutuhan
8997209920012_nutrition_en_full_crop_0156.png	lebih
8997209920012_nutrition_en_full_crop_0157.png	kalori
8997209920012_nutrition_en_full_crop_0159.png	kebutuhan
8997209920012_nutrition_en_full_crop_0160.png	kalori
8997209920012_nutrition_en_full_crop_0162.png	tinggi
8997209920012_nutrition_en_full_crop_0164.png	atau
8997209920012_nutrition_en_full_crop_0165.png	lebih
8997209920012_nutrition_en_full_crop_0166.png	rendah.
8997209920012_nutrition_en_full_crop_0168.png	VASA AN ALC)
8997209920012_nutrition_en_full_crop_0169.png	ONS
8997209920012_nutrition_en_full_crop_0170.png	Ar We.)
8997209920012_nutrition_en_full_crop_0171.png	UE DRE)
8997209920012_nutrition_en_full_crop_0172.png	DA
8997209920012_nutrition_en_full_crop_0173.png	KC
8994452220005_nutrition_en_full_crop_0003.png	YELL
8994452220005_nutrition_en_full_crop_0007.png	pore
8994452220005_nutrition_en_full_crop_0028.png	Lda la
8994452220005_nutrition_en_full_crop_0070.png	he
8994452220005_nutrition_en_full_crop_0090.png	ya
8994452220005_nutrition_en_full_crop_0096.png	DA No ae
8994452220005_nutrition_en_full_crop_0098.png	HART
8994452220005_nutrition_en_full_crop_0105.png	BS 3a28
8994452220005_nutrition_en_full_crop_0106.png	a
8994452220005_nutrition_en_full_crop_0108.png	|
8994452220005_nutrition_en_full_crop_0116.png	eR
8994452220005_nutrition_en_full_crop_0117.png	ae)
8994452220005_nutrition_en_full_crop_0119.png	at
8994452220005_nutrition_en_full_crop_0124.png	td
8994452220005_nutrition_en_full_crop_0128.png	She,
8994452220005_nutrition_en_full_crop_0133.png	I hed
8994452220005_nutrition_en_full_crop_0134.png	ENJOY
8994452220005_nutrition_en_full_crop_0161.png	Igy
8994452220005_nutrition_en_full_crop_0162.png	if
8994452220005_nutrition_en_full_crop_0164.png	TaN
8994452220005_nutrition_en_full_crop_0165.png	BAL
8994452220005_nutrition_en_full_crop_0166.png	0 TT ie
8994452220005_nutrition_en_full_crop_0168.png	sayanan
8994452220005_nutrition_en_full_crop_0169.png	eS
8994452220005_nutrition_en_full_crop_0170.png	290
8994452220005_nutrition_en_full_crop_0171.png	élv
8999999610142_nutrition_en_full_crop_0006.png	Se AKG*
8999999610142_nutrition_en_full_crop_0020.png	Og
8999999610142_nutrition_en_full_crop_0022.png	Lemak
8999999610142_nutrition_en_full_crop_0036.png	0g
8999999610142_nutrition_en_full_crop_0038.png	Dangan
8999999610142_nutrition_en_full_crop_0045.png	Ug
8999999610142_nutrition_en_full_crop_0047.png	Vig
8999999610142_nutrition_en_full_crop_0069.png	AKG
8999999610142_nutrition_en_full_crop_0070.png	Derdasarkan
8999999610142_nutrition_en_full_crop_0076.png	energi
8999999610142_nutrition_en_full_crop_0078.png	Mungrin
8888900322109_nutrition_en_full_crop_0008.png	Serving
8888900322109_nutrition_en_full_crop_0010.png	Container
8888900322109_nutrition_en_full_crop_0011.png	Per
8888900322109_nutrition_en_full_crop_0012.png	Takaran
8888900322109_nutrition_en_full_crop_0015.png	Kemasan
8888900322109_nutrition_en_full_crop_0016.png	Per
8888900322109_nutrition_en_full_crop_0017.png	Sajian
8888900322109_nutrition_en_full_crop_0018.png	47
8888900322109_nutrition_en_full_crop_0027.png	220
8888900322109_nutrition_en_full_crop_0035.png	Fat
8888900322109_nutrition_en_full_crop_0036.png	from
8888900322109_nutrition_en_full_crop_0037.png	“nergy
8888900322109_nutrition_en_full_crop_0042.png	ADV
8888900322109_nutrition_en_full_crop_0046.png	AS
8888900322109_nutrition_en_full_crop_0052.png	11%
8888900322109_nutrition_en_full_crop_0054.png	73
8888900322109_nutrition_en_full_crop_0056.png	14%
8888900322109_nutrition_en_full_crop_0057.png	Carbohydrate
8888900322109_nutrition_en_full_crop_0064.png	Dietary
8888900322109_nutrition_en_full_crop_0065.png	Pangan
8888900322109_nutrition_en_full_crop_0067.png	23
8888900322109_nutrition_en_full_crop_0071.png	Sait
8888900322109_nutrition_en_full_crop_0072.png	(Sodium)
8888900322109_nutrition_en_full_crop_0073.png	am)
8888900322109_nutrition_en_full_crop_0076.png	ms;
8888900322109_nutrition_en_full_crop_0077.png	rersen
8888900322109_nutrition_en_full_crop_0078.png	kka!/.
8888900322109_nutrition_en_full_crop_0079.png	AKG
8888900322109_nutrition_en_full_crop_0080.png	peruasorkan
8888900322109_nutrition_en_full_crop_0081.png	kebutunan
8888900322109_nutrition_en_full_crop_0082.png	2150
8888900322109_nutrition_en_full_crop_0083.png	energi
8888900322109_nutrition_en_full_crop_0084.png	rendah,
8888900322109_nutrition_en_full_crop_0085.png	lebih
8888900322109_nutrition_en_full_crop_0088.png	energi
8888900322109_nutrition_en_full_crop_0089.png	mungkin
8888900322109_nutrition_en_full_crop_0090.png	anda
8888900322109_nutrition_en_full_crop_0091.png	tinggi
8888900322109_nutrition_en_full_crop_0092.png	atau
8888900322109_nutrition_en_full_crop_0093.png	Percent
8888900322109_nutrition_en_full_crop_0096.png	diet.
8888900322109_nutrition_en_full_crop_0097.png	Vaile
8888900322109_nutrition_en_full_crop_0098.png	2150
8888900322109_nutrition_en_full_crop_0099.png	calorie
8888900322109_nutrition_en_full_crop_0101.png	Kcal
8888900322109_nutrition_en_full_crop_0103.png	on
8888900322109_nutrition_en_full_crop_0104.png	are
8888900322109_nutrition_en_full_crop_0105.png	depending
8888900322109_nutrition_en_full_crop_0108.png	aaily
8888900322109_nutrition_en_full_crop_0109.png	values
8888900322109_nutrition_en_full_crop_0110.png	lower
8888900322109_nutrition_en_full_crop_0111.png	nigner
8888900322109_nutrition_en_full_crop_0112.png	maybe
8997219061989_nutrition_en_full_crop_0000.png	aeryen:
8997219061989_nutrition_en_full_crop_0016.png	Sajian
8997219061989_nutrition_en_full_crop_0017.png	Kemasan:
8997219061989_nutrition_en_full_crop_0018.png	per
8997219061989_nutrition_en_full_crop_0023.png	do
8997219061989_nutrition_en_full_crop_0027.png	Energ!
8997219061989_nutrition_en_full_crop_0031.png	Pit
8997219061989_nutrition_en_full_crop_0040.png	BL)
8997219061989_nutrition_en_full_crop_0047.png	bg cs) ct 1)
8997219061989_nutrition_en_full_crop_0049.png	0
8997219061989_nutrition_en_full_crop_0050.png	Karbohidrat
8997219061989_nutrition_en_full_crop_0053.png	TTY
8997219061989_nutrition_en_full_crop_0057.png	mg
8997219061989_nutrition_en_full_crop_0058.png	beram
8997219061989_nutrition_en_full_crop_0059.png	ELC]
8997219061989_nutrition_en_full_crop_0063.png	30
8997219061989_nutrition_en_full_crop_0064.png	CT
8997219061989_nutrition_en_full_crop_0065.png	rte
8997219061989_nutrition_en_full_crop_0066.png	re Eg U1]
8997219061989_nutrition_en_full_crop_0067.png	Beri) §
8997219061989_nutrition_en_full_crop_0069.png	pt
8997219061989_nutrition_en_full_crop_0071.png	BCT nT)
8997219061989_nutrition_en_full_crop_0073.png	mT A
8997219061989_nutrition_en_full_crop_0074.png	energi
8997219061989_nutrition_en_full_crop_0075.png	Titi
8999999275440_nutrition_en_full_crop_0015.png	fl
8997001270704_nutrition_en_full_crop_0002.png	IRMASI
8997001270704_nutrition_en_full_crop_0003.png	INF
8997001270704_nutrition_en_full_crop_0020.png	Z3
8997001270704_nutrition_en_full_crop_0029.png	PER
8997001270704_nutrition_en_full_crop_0030.png	SAJIAN
8997001270704_nutrition_en_full_crop_0032.png	PER
8997001270704_nutrition_en_full_crop_0034.png	Energi
8997001270704_nutrition_en_full_crop_0036.png	Total
8997001270704_nutrition_en_full_crop_0037.png	Energy
8997001270704_nutrition_en_full_crop_0038.png	Energi
8997001270704_nutrition_en_full_crop_0040.png	dari
8997001270704_nutrition_en_full_crop_0042.png	Lemak
8997001270704_nutrition_en_full_crop_0043.png	Energy
8997001270704_nutrition_en_full_crop_0044.png	from
8997001270704_nutrition_en_full_crop_0045.png	Fat
8997001270704_nutrition_en_full_crop_0047.png	dari
8997001270704_nutrition_en_full_crop_0050.png	Lemak
8997001270704_nutrition_en_full_crop_0054.png	Saturated
8997001270704_nutrition_en_full_crop_0055.png	Fat
8997001270704_nutrition_en_full_crop_0060.png	%AKG*
8997001270704_nutrition_en_full_crop_0061.png	Total
8997001270704_nutrition_en_full_crop_0062.png	Fat
8997001270704_nutrition_en_full_crop_0064.png	Kolesterol
8997001270704_nutrition_en_full_crop_0067.png	PROTEIN
8997001270704_nutrition_en_full_crop_0070.png	Jenuh
8997001270704_nutrition_en_full_crop_0072.png	Saturated
8997001270704_nutrition_en_full_crop_0074.png	Fat
8997001270704_nutrition_en_full_crop_0076.png	Protein
8997001270704_nutrition_en_full_crop_0077.png	0.5g
8997001270704_nutrition_en_full_crop_0078.png	Protein
8997001270704_nutrition_en_full_crop_0081.png	39%
8997001270704_nutrition_en_full_crop_0082.png	Karbohidrat
8997001270704_nutrition_en_full_crop_0099.png	Pangan
8997001270704_nutrition_en_full_crop_0100.png	Dietary
8997001270704_nutrition_en_full_crop_0103.png	Sern cot ci’? i
8997001270704_nutrition_en_full_crop_0109.png	Sugar
8997001270704_nutrition_en_full_crop_0111.png	Byer)
8997001270704_nutrition_en_full_crop_0112.png	POR |
8997001270704_nutrition_en_full_crop_0113.png	2g
8997001270704_nutrition_en_full_crop_0114.png	Garam
8997001270704_nutrition_en_full_crop_0119.png	keju
8997001270704_nutrition_en_full_crop_0122.png	aul
8997001270704_nutrition_en_full_crop_0124.png	12%
8997001270704_nutrition_en_full_crop_0128.png	eral
8997001270704_nutrition_en_full_crop_0129.png	Vitamin
8997001270704_nutrition_en_full_crop_0131.png	Vitamin
8997001270704_nutrition_en_full_crop_0133.png	fet
8997001270704_nutrition_en_full_crop_0134.png	mikrofiltrasi
8997001270704_nutrition_en_full_crop_0140.png	Vitamin
8997001270704_nutrition_en_full_crop_0141.png	B6
8997001270704_nutrition_en_full_crop_0142.png	Vitamin
8997001270704_nutrition_en_full_crop_0144.png	B6
8997001270704_nutrition_en_full_crop_0145.png	45%
8997001270704_nutrition_en_full_crop_0146.png	Vitamin
8997001270704_nutrition_en_full_crop_0148.png	Vitamin
8997001270704_nutrition_en_full_crop_0151.png	Li%
8997001270704_nutrition_en_full_crop_0154.png	Kalsium
8997001270704_nutrition_en_full_crop_0156.png	Calcium
8997001270704_nutrition_en_full_crop_0157.png	fasa
8997001270704_nutrition_en_full_crop_0163.png	Selenium
8997001270704_nutrition_en_full_crop_0164.png	Selenium
8997001270704_nutrition_en_full_crop_0171.png	BCAA
8997001270704_nutrition_en_full_crop_0172.png	6.29g
8997001270704_nutrition_en_full_crop_0173.png	L-Valin
8997001270704_nutrition_en_full_crop_0174.png	L-Valin
8997001270704_nutrition_en_full_crop_0179.png	L-Leusin
8997001270704_nutrition_en_full_crop_0182.png	baik
8997001270704_nutrition_en_full_crop_0186.png	esta cren ey
8997001270704_nutrition_en_full_crop_0188.png	tr)
8997001270704_nutrition_en_full_crop_0190.png	L-lsoleusin
8997001270704_nutrition_en_full_crop_0191.png	L-/soleusin
8997001270704_nutrition_en_full_crop_0192.png	Sra only
8997001270704_nutrition_en_full_crop_0193.png	ia
8997001270704_nutrition_en_full_crop_0194.png	kkal.
8997001270704_nutrition_en_full_crop_0195.png	2150,
8997001270704_nutrition_en_full_crop_0197.png	Persen
8997001270704_nutrition_en_full_crop_0198.png	kebutuhan
8997001270704_nutrition_en_full_crop_0199.png	AKG
8997001270704_nutrition_en_full_crop_0203.png	tingg!
8997001270704_nutrition_en_full_crop_0204.png	Kebutuhan
8997001270704_nutrition_en_full_crop_0207.png	mungkin
8997001270704_nutrition_en_full_crop_0208.png	energ!
8997001270704_nutrition_en_full_crop_0209.png	rendah.
8997001270704_nutrition_en_full_crop_0212.png	needs,
8997001270704_nutrition_en_full_crop_0213.png	Percent
8997001270704_nutrition_en_full_crop_0215.png	Daily
8997001270704_nutrition_en_full_crop_0217.png	Value
8997001270704_nutrition_en_full_crop_0218.png	on
8997001270704_nutrition_en_full_crop_0219.png	lower.
8997001270704_nutrition_en_full_crop_0220.png	Your
8997001270704_nutrition_en_full_crop_0221.png	higher
8997001270704_nutrition_en_full_crop_0223.png	be
8997001270704_nutrition_en_full_crop_0226.png	may
8997001270704_nutrition_en_full_crop_0227.png	SSN ANY
8997001270704_nutrition_en_full_crop_0228.png	CWT
8997001270704_nutrition_en_full_crop_0229.png	Komposisi.
8997001270704_nutrition_en_full_crop_0230.png	Ingredients:
8997001270704_nutrition_en_full_crop_0234.png	Protein
8997001270704_nutrition_en_full_crop_0235.png	Oligosakarida,
8997001270704_nutrition_en_full_crop_0237.png	Ekstrak
8997001270704_nutrition_en_full_crop_0239.png	lsomalto
8997001270704_nutrition_en_full_crop_0240.png	Glikosida
8997001270704_nutrition_en_full_crop_0243.png	Steviol,
8997001270704_nutrition_en_full_crop_0244.png	Mineral.
8997001270704_nutrition_en_full_crop_0245.png	Perisa
8997001270704_nutrition_en_full_crop_0247.png	Vanila,
8997001270704_nutrition_en_full_crop_0248.png	Premiks
8997001270704_nutrition_en_full_crop_0250.png	Noturdi.
8997001270704_nutrition_en_full_crop_0252.png	Oligosaccharide,
8997001270704_nutrition_en_full_crop_0253.png	Protein
8997001270704_nutrition_en_full_crop_0254.png	Concentrate,
8997001270704_nutrition_en_full_crop_0255.png	Isomalto
8997001270704_nutrition_en_full_crop_0257.png	Extract,
8997001270704_nutrition_en_full_crop_0258.png	Steviol
8997001270704_nutrition_en_full_crop_0259.png	Glycosides,
8997001270704_nutrition_en_full_crop_0261.png	Mineral
8997001270704_nutrition_en_full_crop_0262.png	Yass’
8997001270704_nutrition_en_full_crop_0263.png	Vanilla
8997001270704_nutrition_en_full_crop_0264.png	and
8997001270704_nutrition_en_full_crop_0267.png	Petunjuk
8997001270704_nutrition_en_full_crop_0268.png	Penyajian
8997001270704_nutrition_en_full_crop_0269.png	First.
8997001270704_nutrition_en_full_crop_0270.png	Serving
8997001270704_nutrition_en_full_crop_0271.png	Direction:
8997001270704_nutrition_en_full_crop_0273.png	Scoop
8997001270704_nutrition_en_full_crop_0275.png	40g
8997001270704_nutrition_en_full_crop_0276.png	Dissolve
8997001270704_nutrition_en_full_crop_0277.png	250ml
8997001270704_nutrition_en_full_crop_0279.png	air.
0700358984426_nutrition_en_full_crop_0017.png	Nutrition
0700358984426_nutrition_en_full_crop_0020.png	59
0700358984426_nutrition_en_full_crop_0026.png	ear)
0700358984426_nutrition_en_full_crop_0030.png	Container:
0700358984426_nutrition_en_full_crop_0033.png	ig)
0700358984426_nutrition_en_full_crop_0038.png	size:
0700358984426_nutrition_en_full_crop_0040.png	PAP Talia d
0700358984426_nutrition_en_full_crop_0049.png	ves a
0700358984426_nutrition_en_full_crop_0053.png	La
0700358984426_nutrition_en_full_crop_0054.png	Calories
0700358984426_nutrition_en_full_crop_0055.png	re)
0700358984426_nutrition_en_full_crop_0061.png	Value’
0700358984426_nutrition_en_full_crop_0065.png	eC
0700358984426_nutrition_en_full_crop_0071.png	Potted
0700358984426_nutrition_en_full_crop_0078.png	AE nee
0700358984426_nutrition_en_full_crop_0081.png	Fat
0700358984426_nutrition_en_full_crop_0082.png	Va
0700358984426_nutrition_en_full_crop_0084.png	Glutamine
0700358984426_nutrition_en_full_crop_0085.png	abs
0700358984426_nutrition_en_full_crop_0093.png	Glycine
0700358984426_nutrition_en_full_crop_0101.png	Sl
0700358984426_nutrition_en_full_crop_0102.png	Histidine
0700358984426_nutrition_en_full_crop_0106.png	ee ')
0700358984426_nutrition_en_full_crop_0108.png	tsoleucine
0700358984426_nutrition_en_full_crop_0112.png	PRT
0700358984426_nutrition_en_full_crop_0114.png	Cae
0700358984426_nutrition_en_full_crop_0119.png	2.239
0700358984426_nutrition_en_full_crop_0128.png	ALF
0700358984426_nutrition_en_full_crop_0137.png	Methionine
0700358984426_nutrition_en_full_crop_0143.png	ya Le
0700358984426_nutrition_en_full_crop_0144.png	eh
0700358984426_nutrition_en_full_crop_0150.png	dee
0700358984426_nutrition_en_full_crop_0166.png	BAe
0700358984426_nutrition_en_full_crop_0167.png	neg
0700358984426_nutrition_en_full_crop_0168.png	Kd
0700358984426_nutrition_en_full_crop_0173.png	Tryptophane
0700358984426_nutrition_en_full_crop_0177.png	MADE
0700358984426_nutrition_en_full_crop_0185.png	Vrs
0700358984426_nutrition_en_full_crop_0202.png	o@
0700358984426_nutrition_en_full_crop_0209.png	A Ne
9556162102010_nutrition_en_full_crop_0000.png	to) d
9556162102010_nutrition_en_full_crop_0002.png	Kandungan
9556162102010_nutrition_en_full_crop_0005.png	429
9556162102010_nutrition_en_full_crop_0008.png	[URS AY7 =)
9556162102010_nutrition_en_full_crop_0010.png	Nutritional
9556162102010_nutrition_en_full_crop_0013.png	Per
9556162102010_nutrition_en_full_crop_0015.png	Per
9556162102010_nutrition_en_full_crop_0016.png	429
9556162102010_nutrition_en_full_crop_0017.png	Informasi
9556162102010_nutrition_en_full_crop_0018.png	Nilai
9556162102010_nutrition_en_full_crop_0021.png	7 ey
9556162102010_nutrition_en_full_crop_0026.png	Energy
9556162102010_nutrition_en_full_crop_0028.png	= 18]
9556162102010_nutrition_en_full_crop_0033.png	Tenaga
9556162102010_nutrition_en_full_crop_0035.png	Toa dte)al
9556162102010_nutrition_en_full_crop_0041.png	Carbohydrate
9556162102010_nutrition_en_full_crop_0043.png	(g)
9556162102010_nutrition_en_full_crop_0048.png	Diproduk:
9556162102010_nutrition_en_full_crop_0050.png	(g)
9556162102010_nutrition_en_full_crop_0051.png	7,9
9556162102010_nutrition_en_full_crop_0052.png	Suntory
9556162102010_nutrition_en_full_crop_0059.png	not
9556162102010_nutrition_en_full_crop_0061.png	Fat
9556162102010_nutrition_en_full_crop_0067.png	Lemak
9556162102010_nutrition_en_full_crop_0069.png	Esta
9556162102010_nutrition_en_full_crop_0071.png	aateD)
9556162102010_nutrition_en_full_crop_0074.png	Kolesterol
9556162102010_nutrition_en_full_crop_0075.png	MET Tat]
9556162102010_nutrition_en_full_crop_0076.png	dai
9556162102010_nutrition_en_full_crop_0077.png	Sodium
9556162102010_nutrition_en_full_crop_0078.png	GaaleD]
9556162102010_nutrition_en_full_crop_0079.png	69,8
9556162102010_nutrition_en_full_crop_0080.png	29,5
9556162102010_nutrition_en_full_crop_0081.png	Suntory
9556162102010_nutrition_en_full_crop_0083.png	Singapura,
8993492102463_nutrition_en_full_crop_0000.png	ye.
8993492102463_nutrition_en_full_crop_0002.png	;Vvee
8993492102463_nutrition_en_full_crop_0005.png	rmwue
8993492102463_nutrition_en_full_crop_0007.png	best
8993492102463_nutrition_en_full_crop_0008.png	farms.
8993492102463_nutrition_en_full_crop_0009.png	Proneer
8993492102463_nutrition_en_full_crop_0010.png	nutrition
8993492102463_nutrition_en_full_crop_0011.png	from
8993492102463_nutrition_en_full_crop_0012.png	quality
8993492102463_nutrition_en_full_crop_0013.png	and
8993492102463_nutrition_en_full_crop_0014.png	food
8993492102463_nutrition_en_full_crop_0016.png	high
8993492102463_nutrition_en_full_crop_0017.png	great
8993492102463_nutrition_en_full_crop_0020.png	family.
8993492102463_nutrition_en_full_crop_0021.png	way
8993492102463_nutrition_en_full_crop_0022.png	your
8993492102463_nutrition_en_full_crop_0023.png	for
8993492102463_nutrition_en_full_crop_0024.png	moments
8993492102463_nutrition_en_full_crop_0026.png	golden
8993492102463_nutrition_en_full_crop_0028.png	NUTRITION
8993492102463_nutrition_en_full_crop_0029.png	NILAI
8993492102463_nutrition_en_full_crop_0030.png	INFORMAS]
8993492102463_nutrition_en_full_crop_0031.png	909
8993492102463_nutrition_en_full_crop_0033.png	Serving
8993492102463_nutrition_en_full_crop_0034.png	Saji
8993492102463_nutrition_en_full_crop_0035.png	package
8993492102463_nutrition_en_full_crop_0037.png	Servings
8993492102463_nutrition_en_full_crop_0038.png	per
8993492102463_nutrition_en_full_crop_0040.png	kemasan
8993492102463_nutrition_en_full_crop_0042.png	Sajian
8993492102463_nutrition_en_full_crop_0045.png	PER
8993492102463_nutrition_en_full_crop_0046.png	AMOUNT
8993492102463_nutrition_en_full_crop_0047.png	kkal
8993492102463_nutrition_en_full_crop_0050.png	110
8993492102463_nutrition_en_full_crop_0051.png	PER
8993492102463_nutrition_en_full_crop_0056.png	Total
8993492102463_nutrition_en_full_crop_0057.png	Total
8993492102463_nutrition_en_full_crop_0058.png	Fat
8993492102463_nutrition_en_full_crop_0059.png	kkal
8993492102463_nutrition_en_full_crop_0060.png	10
8993492102463_nutrition_en_full_crop_0064.png	Fat
8993492102463_nutrition_en_full_crop_0065.png	Saturated
8993492102463_nutrition_en_full_crop_0066.png	Lemak
8993492102463_nutrition_en_full_crop_0067.png	dari
8993492102463_nutrition_en_full_crop_0071.png	jenuh
8993492102463_nutrition_en_full_crop_0073.png	lemak
8993492102463_nutrition_en_full_crop_0074.png	dari
8993492102463_nutrition_en_full_crop_0076.png	Energ!
8993492102463_nutrition_en_full_crop_0078.png	K ac
8993492102463_nutrition_en_full_crop_0083.png	Fat
8993492102463_nutrition_en_full_crop_0085.png	Total
8993492102463_nutrition_en_full_crop_0091.png	Lemak
8993492102463_nutrition_en_full_crop_0092.png	Fat
8993492102463_nutrition_en_full_crop_0094.png	Trans
8993492102463_nutrition_en_full_crop_0100.png	jad
8993492102463_nutrition_en_full_crop_0104.png	Fat
8993492102463_nutrition_en_full_crop_0105.png	Saturated
8993492102463_nutrition_en_full_crop_0112.png	Carbohydrate
8993492102463_nutrition_en_full_crop_0113.png	Protein
8993492102463_nutrition_en_full_crop_0114.png	Protein
8993492102463_nutrition_en_full_crop_0116.png	Qe
8993492102463_nutrition_en_full_crop_0117.png	Total
8993492102463_nutrition_en_full_crop_0123.png	Karbohidrat
8993492102463_nutrition_en_full_crop_0124.png	Fiber
8993492102463_nutrition_en_full_crop_0125.png	Dietary
8993492102463_nutrition_en_full_crop_0132.png	Gula
8993492102463_nutrition_en_full_crop_0139.png	Kol
8993492102463_nutrition_en_full_crop_0145.png	Tar
8993492102463_nutrition_en_full_crop_0146.png	iron
8993492102463_nutrition_en_full_crop_0152.png	ing!
8993492102463_nutrition_en_full_crop_0161.png	r
8993492102463_nutrition_en_full_crop_0169.png	energ!
8993492102463_nutrition_en_full_crop_0174.png	cajorie
8993492102463_nutrition_en_full_crop_0191.png	may
8997015492376_nutrition_en_full_crop_0001.png	TBs)
8997015492376_nutrition_en_full_crop_0019.png	SN
8997015492376_nutrition_en_full_crop_0023.png	ima
8997015492376_nutrition_en_full_crop_0024.png	FA)
8997015492376_nutrition_en_full_crop_0032.png	1)
8997015492376_nutrition_en_full_crop_0039.png	sajian
8997015492376_nutrition_en_full_crop_0046.png	PER
8997015492376_nutrition_en_full_crop_0050.png	calories
8997015492376_nutrition_en_full_crop_0052.png	Total
8997015492376_nutrition_en_full_crop_0058.png	nel
8997015492376_nutrition_en_full_crop_0063.png	ote]
8997015492376_nutrition_en_full_crop_0064.png	nel
8997015492376_nutrition_en_full_crop_0074.png	9g
8997015492376_nutrition_en_full_crop_0078.png	for
8997015492376_nutrition_en_full_crop_0083.png	6g
8997015492376_nutrition_en_full_crop_0090.png	tg
8997015492376_nutrition_en_full_crop_0091.png	1%
8997015492376_nutrition_en_full_crop_0093.png	2g
8997015492376_nutrition_en_full_crop_0095.png	fot
8997015492376_nutrition_en_full_crop_0099.png	0g
8997015492376_nutrition_en_full_crop_0100.png	Bio
8997015492376_nutrition_en_full_crop_0102.png	(Natrium)
8997015492376_nutrition_en_full_crop_0105.png	ArT]
8997015492376_nutrition_en_full_crop_0108.png	Kebutuhan
8997015492376_nutrition_en_full_crop_0110.png	berdasarkan
8997015492376_nutrition_en_full_crop_0111.png	ls
8997015492376_nutrition_en_full_crop_0112.png	2150
8997015492376_nutrition_en_full_crop_0113.png	kebutuhan
8997015492376_nutrition_en_full_crop_0116.png	eu <
8997015492376_nutrition_en_full_crop_0118.png	tingg!
8997015492376_nutrition_en_full_crop_0122.png	Baer
8997015492376_nutrition_en_full_crop_0124.png	ne
8997015492376_nutrition_en_full_crop_0125.png	WH
8997015492376_nutrition_en_full_crop_0126.png	irl ivi ad
8997015492376_nutrition_en_full_crop_0132.png	Pht
8997015492376_nutrition_en_full_crop_0133.png	are
8997015492376_nutrition_en_full_crop_0137.png	higher
8997015492376_nutrition_en_full_crop_0147.png	BN
8997015492376_nutrition_en_full_crop_0151.png	i
8997015492376_nutrition_en_full_crop_0160.png	ta (etd
8997015492376_nutrition_en_full_crop_0161.png	Te)
8997015492376_nutrition_en_full_crop_0164.png	3usi25U24
8997220410332_nutrition_en_full_crop_0001.png	nigny
8997220410332_nutrition_en_full_crop_0002.png	TIMLE ILIV
8997220410332_nutrition_en_full_crop_0003.png	tucM,
8997220410332_nutrition_en_full_crop_0006.png	WULy
8997220410332_nutrition_en_full_crop_0009.png	sleep.
8997220410332_nutrition_en_full_crop_0010.png	Komposisi:
8997220410332_nutrition_en_full_crop_0016.png	100%
8997220410332_nutrition_en_full_crop_0018.png	Pengawet
8997220410332_nutrition_en_full_crop_0019.png	NO
8997220410332_nutrition_en_full_crop_0023.png	daft:
8997220410332_nutrition_en_full_crop_0026.png	Mengandung
8997220410332_nutrition_en_full_crop_0031.png	ingredients
8997220410332_nutrition_en_full_crop_0032.png	please
8997220410332_nutrition_en_full_crop_0034.png	Contain
8997220410332_nutrition_en_full_crop_0040.png	(Nutrition
8997220410332_nutrition_en_full_crop_0045.png	(200ml)
8997220410332_nutrition_en_full_crop_0050.png	Saijian
8997220410332_nutrition_en_full_crop_0051.png	Saji/s
8997220410332_nutrition_en_full_crop_0053.png	per
8997220410332_nutrition_en_full_crop_0056.png	Serving)
8997220410332_nutrition_en_full_crop_0058.png	PER
8997220410332_nutrition_en_full_crop_0059.png	(Amount
8997220410332_nutrition_en_full_crop_0061.png	140
8997220410332_nutrition_en_full_crop_0065.png	Energi
8997220410332_nutrition_en_full_crop_0072.png	Fat)
8997220410332_nutrition_en_full_crop_0078.png	Total
8997220410332_nutrition_en_full_crop_0079.png	Lemak
8997220410332_nutrition_en_full_crop_0081.png	Fat)
8997220410332_nutrition_en_full_crop_0084.png	5%
8997220410332_nutrition_en_full_crop_0087.png	(Cholesterol)
8997220410332_nutrition_en_full_crop_0089.png	27%
8997220410332_nutrition_en_full_crop_0091.png	(Saturated
8997220410332_nutrition_en_full_crop_0092.png	Fat)
8997220410332_nutrition_en_full_crop_0097.png	Protein
8997220410332_nutrition_en_full_crop_0100.png	Total
8997220410332_nutrition_en_full_crop_0101.png	(Tota/l
8997220410332_nutrition_en_full_crop_0102.png	Carbohydrate)
8997220410332_nutrition_en_full_crop_0114.png	70
8997220410332_nutrition_en_full_crop_0116.png	Sait
8997220410332_nutrition_en_full_crop_0120.png	Vitamin
8997220410332_nutrition_en_full_crop_0121.png	dan
8997220410332_nutrition_en_full_crop_0124.png	Vitamin
8997220410332_nutrition_en_full_crop_0133.png	Vitamin
8997220410332_nutrition_en_full_crop_0136.png	Vitamin
8997220410332_nutrition_en_full_crop_0138.png	25%
8997220410332_nutrition_en_full_crop_0140.png	Bi2
8997220410332_nutrition_en_full_crop_0141.png	30%
8997220410332_nutrition_en_full_crop_0142.png	Kalsium
8997220410332_nutrition_en_full_crop_0145.png	Kalium
8997220410332_nutrition_en_full_crop_0147.png	25%
8997220410332_nutrition_en_full_crop_0148.png	Fosfor
8997220410332_nutrition_en_full_crop_0149.png	(Phosphor)
8997220410332_nutrition_en_full_crop_0151.png	Magnesium
8997220410332_nutrition_en_full_crop_0152.png	100%
8997220410332_nutrition_en_full_crop_0156.png	Zink
8997220410332_nutrition_en_full_crop_0163.png	AKG
8997220410332_nutrition_en_full_crop_0164.png	berdasarkan
8997220410332_nutrition_en_full_crop_0165.png	kebutuhan
8997220410332_nutrition_en_full_crop_0168.png	mungkin
8997220410332_nutrition_en_full_crop_0169.png	lebih
8997220410332_nutrition_en_full_crop_0171.png	rendanh.
8997220410332_nutrition_en_full_crop_0172.png	tingg'
8997220410332_nutrition_en_full_crop_0182.png	kcal.
8997220410332_nutrition_en_full_crop_0184.png	Values
8997220410332_nutrition_en_full_crop_0187.png	are
8997220410332_nutrition_en_full_crop_0194.png	Tinggi
8997220410332_nutrition_en_full_crop_0195.png	Sumber
8997220410332_nutrition_en_full_crop_0197.png	Vitamin
8997220410332_nutrition_en_full_crop_0198.png	Vitamin
8997220410332_nutrition_en_full_crop_0200.png	B2
8997220410332_nutrition_en_full_crop_0201.png	Vitamin
8997220410332_nutrition_en_full_crop_0202.png	Vitamin
8997220410332_nutrition_en_full_crop_0203.png	Bi2
8997220410332_nutrition_en_full_crop_0204.png	Kalsium
8997220410332_nutrition_en_full_crop_0206.png	lodium
8996001600726_nutrition_id_full_crop_0036.png	age
8996001600726_nutrition_id_full_crop_0055.png	216
8996001600726_nutrition_id_full_crop_0060.png	":
8 ar:
."
8996001600726_nutrition_id_full_crop_0066.png	ciety
8996001600726_nutrition_id_full_crop_0067.png	"“3

UTUNS"
8996001600726_nutrition_id_full_crop_0071.png	"oO Bia

-""
."
8996001600726_nutrition_id_full_crop_0077.png	"a\
\"
8991001780645_nutrition_en_full_crop_0001.png	eed
8991001780645_nutrition_en_full_crop_0010.png	- |
8991001780645_nutrition_en_full_crop_0011.png	BAIK
8991001780645_nutrition_en_full_crop_0015.png	FORE/ |
8991001780645_nutrition_en_full_crop_0018.png	PRODUKSI/
8991001780645_nutrition_en_full_crop_0020.png	KODE
8991001780645_nutrition_en_full_crop_0022.png	CODE/
8991001780645_nutrition_en_full_crop_0023.png	PROD.
8991001780645_nutrition_en_full_crop_0027.png	By
8991001780645_nutrition_en_full_crop_0029.png	pA)
8991001780645_nutrition_en_full_crop_0037.png	NILAPGIZI
8991001780645_nutrition_en_full_crop_0044.png	tae) J
8991001780645_nutrition_en_full_crop_0047.png	ay att
8991001780645_nutrition_en_full_crop_0053.png	tea
8991001780645_nutrition_en_full_crop_0063.png	ate l)
8991001780645_nutrition_en_full_crop_0069.png	ir 4
8991001780645_nutrition_en_full_crop_0076.png	ie
8991001780645_nutrition_en_full_crop_0087.png	| 7a! 2
8991001780645_nutrition_en_full_crop_0099.png	Carbohydrate
8991001780645_nutrition_en_full_crop_0104.png	Pree
8991001780645_nutrition_en_full_crop_0105.png	PL (Cv gR
8991001780645_nutrition_en_full_crop_0106.png	(6%
8991001780645_nutrition_en_full_crop_0108.png	Plossl
8991001780645_nutrition_en_full_crop_0112.png	Kebutuhan
8991001780645_nutrition_en_full_crop_0115.png	(Natrium)/
8991001780645_nutrition_en_full_crop_0118.png	iets
8991001780645_nutrition_en_full_crop_0122.png	Tih a
8991001780645_nutrition_en_full_crop_0125.png	aa
8991001780645_nutrition_en_full_crop_0126.png	ld
8991001780645_nutrition_en_full_crop_0127.png	alii)
8991001780645_nutrition_en_full_crop_0128.png	Values
8991001780645_nutrition_en_full_crop_0132.png	rtd
8991001780645_nutrition_en_full_crop_0133.png	calorle
8991001780645_nutrition_en_full_crop_0136.png	aif aile
8991001780645_nutrition_en_full_crop_0138.png	le
8991001780645_nutrition_en_full_crop_0141.png	on
8991001780645_nutrition_en_full_crop_0142.png	TTT
8991001780645_nutrition_en_full_crop_0143.png	"bile
‘values"
8991001780645_nutrition_en_full_crop_0144.png	atau
8991001780645_nutrition_en_full_crop_0147.png	he
8991001780645_nutrition_en_full_crop_0148.png	ae
8991001780645_nutrition_en_full_crop_0149.png	ue
8991001780645_nutrition_en_full_crop_0151.png	may
8991001780645_nutrition_en_full_crop_0153.png	nT
8997210770644_nutrition_en_full_crop_0005.png	AMIN-RICH
8997210770644_nutrition_en_full_crop_0009.png	BOOSTS
8997210770644_nutrition_en_full_crop_0012.png	plant-based
8997210770644_nutrition_en_full_crop_0013.png	nutritious
8997210770644_nutrition_en_full_crop_0015.png	delicious
8997210770644_nutrition_en_full_crop_0019.png	your
8997210770644_nutrition_en_full_crop_0020.png	Ww
8997210770644_nutrition_en_full_crop_0021.png	to
8997210770644_nutrition_en_full_crop_0035.png	lifestyle!
8997210770644_nutrition_en_full_crop_0036.png	active
8997210770644_nutrition_en_full_crop_0050.png	\meeetera
8997210770644_nutrition_en_full_crop_0062.png	bar:
8997210770644_nutrition_en_full_crop_0064.png	size
8997210770644_nutrition_en_full_crop_0065.png	Serving
8997210770644_nutrition_en_full_crop_0066.png	information
8997210770644_nutrition_en_full_crop_0069.png	Nutritional
8997210770644_nutrition_en_full_crop_0070.png	(40g
8997210770644_nutrition_en_full_crop_0071.png	bar:
8997210770644_nutrition_en_full_crop_0074.png	Takaran
8997210770644_nutrition_en_full_crop_0075.png	Gizi
8997210770644_nutrition_en_full_crop_0077.png	informasi
8997210770644_nutrition_en_full_crop_0078.png	Protein
8997210770644_nutrition_en_full_crop_0079.png	Carbohydrate
8997210770644_nutrition_en_full_crop_0080.png	Fat
8997210770644_nutrition_en_full_crop_0081.png	Protein
8997210770644_nutrition_en_full_crop_0082.png	chery,
8997210770644_nutrition_en_full_crop_0084.png	Karbohidrat
8997210770644_nutrition_en_full_crop_0086.png	energi,
8997210770644_nutrition_en_full_crop_0087.png	Katori
8997210770644_nutrition_en_full_crop_0091.png	134
8997210770644_nutrition_en_full_crop_0092.png	isolate
8997210770644_nutrition_en_full_crop_0093.png	protein
8997210770644_nutrition_en_full_crop_0094.png	MOREDIENTS.-
8997210770644_nutrition_en_full_crop_0095.png	date,
8997210770644_nutrition_en_full_crop_0096.png	Aimona,
8997210770644_nutrition_en_full_crop_0097.png	soy
8997210770644_nutrition_en_full_crop_0099.png	kedeial,
8997210770644_nutrition_en_full_crop_0101.png	protein
8997210770644_nutrition_en_full_crop_0102.png	isolat
8997210770644_nutrition_en_full_crop_0103.png	aimonda.
8997210770644_nutrition_en_full_crop_0106.png	AND
8997210770644_nutrition_en_full_crop_0108.png	SOY.
8997210770644_nutrition_en_full_crop_0109.png	OF
8997210770644_nutrition_en_full_crop_0110.png	TRACES
8997210770644_nutrition_en_full_crop_0112.png	CONTAIN
8997210770644_nutrition_en_full_crop_0113.png	MAY
8997210770644_nutrition_en_full_crop_0116.png	INGREDIENTS
8997210770644_nutrition_en_full_crop_0119.png	SEE
8997210770644_nutrition_en_full_crop_0122.png	MENGANDUND
8997210770644_nutrition_en_full_crop_0123.png	MUNGKIN
8997210770644_nutrition_en_full_crop_0126.png	KOMPOBIS!
8997210770644_nutrition_en_full_crop_0130.png	GANDUM
8997210770644_nutrition_en_full_crop_0131.png	DAN
8997210770644_nutrition_en_full_crop_0132.png	KACANGAN
8997210770644_nutrition_en_full_crop_0133.png	KACANG
2102686200137_nutrition_en_full_crop_0000.png	"102686
J)"
2102686200137_nutrition_en_full_crop_0002.png	NS
2102686200137_nutrition_en_full_crop_0006.png	(“989 VY
2102686200137_nutrition_en_full_crop_0007.png	FA, ON.
2102686200137_nutrition_en_full_crop_0008.png	(BABS)
2102686200137_nutrition_en_full_crop_0011.png	PAAR
2102686200137_nutrition_en_full_crop_0016.png	ae:
2102686200137_nutrition_en_full_crop_0020.png	MDS BAMA,
2102686200137_nutrition_en_full_crop_0024.png	"as

SU
\"
2102686200137_nutrition_en_full_crop_0025.png	Sa, MDSBEIY
2102686200137_nutrition_en_full_crop_0026.png	é
2102686200137_nutrition_en_full_crop_0029.png	She Rees.
2102686200137_nutrition_en_full_crop_0034.png	F )
2102686200137_nutrition_en_full_crop_0037.png	CAH, BYERILA
2102686200137_nutrition_en_full_crop_0038.png	I\K+ KS: RASS)
2102686200137_nutrition_en_full_crop_0039.png	28
2102686200137_nutrition_en_full_crop_0046.png	"PRE

7IS"
2102686200137_nutrition_en_full_crop_0051.png	4g
2102686200137_nutrition_en_full_crop_0052.png	fam 16. 4e
2102686200137_nutrition_en_full_crop_0055.png	4g
2052892201452_nutrition_en_full_crop_0003.png	KE kK N14
2052892201452_nutrition_en_full_crop_0017.png	RILA ik
2052892201452_nutrition_en_full_crop_0023.png	m-FI/\ A
2052892201452_nutrition_en_full_crop_0024.png	EFUGY,
2052892201452_nutrition_en_full_crop_0029.png	KAMA
2052892201452_nutrition_en_full_crop_0034.png	"~
~~

ee,"
2052892201452_nutrition_en_full_crop_0035.png	"S Zo KOR «
BS Oe

aX ‘asks,"
2052892201452_nutrition_en_full_crop_0041.png	BAAS
2052892201452_nutrition_en_full_crop_0043.png	BACH,
2052892201452_nutrition_en_full_crop_0048.png	>
2052892201452_nutrition_en_full_crop_0053.png	AE P|,
2052892201452_nutrition_en_full_crop_0066.png	©
2052892201452_nutrition_en_full_crop_0071.png	FUI—X (ek) HAL
2052892201452_nutrition_en_full_crop_0074.png	REMARK
2052892201452_nutrition_en_full_crop_0085.png	"£
te
bi

Ig

| ry

6 ."
2052892201452_nutrition_en_full_crop_0090.png	"«

QDs"
2052892201452_nutrition_en_full_crop_0092.png	As
8999999609269_nutrition_en_full_crop_0008.png	Saji:
8999999609269_nutrition_en_full_crop_0016.png	Total
8999999609269_nutrition_en_full_crop_0021.png	Total
8999999609269_nutrition_en_full_crop_0035.png	jenuh
8999999609269_nutrition_en_full_crop_0043.png	ganda
8999999609269_nutrition_en_full_crop_0045.png	25
8999999609269_nutrition_en_full_crop_0048.png	jenuh
8999999609269_nutrition_en_full_crop_0058.png	Total
8999999609269_nutrition_en_full_crop_0059.png	14
8999999609269_nutrition_en_full_crop_0067.png	3%
8999999609269_nutrition_en_full_crop_0087.png	2150
8997004310063_nutrition_en_full_crop_0007.png	Serving
8997004310063_nutrition_en_full_crop_0009.png	18
8997004310063_nutrition_en_full_crop_0013.png	Saijian
8997004310063_nutrition_en_full_crop_0014.png	Per
8997004310063_nutrition_en_full_crop_0015.png	Kemasan
8997004310063_nutrition_en_full_crop_0016.png	Servings
8997004310063_nutrition_en_full_crop_0017.png	Per
8997004310063_nutrition_en_full_crop_0018.png	Container
8997004310063_nutrition_en_full_crop_0020.png	PER
8997004310063_nutrition_en_full_crop_0024.png	PER
8997004310063_nutrition_en_full_crop_0026.png	Energi
8997004310063_nutrition_en_full_crop_0029.png	Energy
8997004310063_nutrition_en_full_crop_0030.png	100
8997004310063_nutrition_en_full_crop_0033.png	dari
8997004310063_nutrition_en_full_crop_0035.png	Energy
8997004310063_nutrition_en_full_crop_0036.png	from
8997004310063_nutrition_en_full_crop_0037.png	Fat
8997004310063_nutrition_en_full_crop_0044.png	Total
8997004310063_nutrition_en_full_crop_0045.png	Fat
8997004310063_nutrition_en_full_crop_0046.png	6¢9
8997004310063_nutrition_en_full_crop_0050.png	Cholesterol
8997004310063_nutrition_en_full_crop_0053.png	mg
8997004310063_nutrition_en_full_crop_0054.png	Kolesterol
8997004310063_nutrition_en_full_crop_0055.png	Og
8997004310063_nutrition_en_full_crop_0056.png	Fat
8997004310063_nutrition_en_full_crop_0057.png	Trans
8997004310063_nutrition_en_full_crop_0058.png	Trans
8997004310063_nutrition_en_full_crop_0059.png	Lemak
8997004310063_nutrition_en_full_crop_0060.png	4.5
8997004310063_nutrition_en_full_crop_0061.png	24
8997004310063_nutrition_en_full_crop_0063.png	Fat
8997004310063_nutrition_en_full_crop_0073.png	Protein
8997004310063_nutrition_en_full_crop_0074.png	10
8997004310063_nutrition_en_full_crop_0077.png	Carbohydrate
8997004310063_nutrition_en_full_crop_0079.png	Total
8997004310063_nutrition_en_full_crop_0080.png	Total
8997004310063_nutrition_en_full_crop_0089.png	Pangan
8997004310063_nutrition_en_full_crop_0091.png	Guia
8997004310063_nutrition_en_full_crop_0095.png	25
8997004310063_nutrition_en_full_crop_0098.png	mg
8997004310063_nutrition_en_full_crop_0100.png	Sodium
8997004310063_nutrition_en_full_crop_0103.png	AKG
8997004310063_nutrition_en_full_crop_0104.png	2150
8997004310063_nutrition_en_full_crop_0121.png	Daily
8997004310063_nutrition_en_full_crop_0124.png	Values
8997004310063_nutrition_en_full_crop_0130.png	your
8997004310063_nutrition_en_full_crop_0131.png	Taily
8997004310063_nutrition_en_full_crop_0133.png	values
8997004310063_nutrition_en_full_crop_0136.png	depending
8993492102395_nutrition_en_full_crop_0000.png	informasi
8993492102395_nutrition_en_full_crop_0005.png	20g
8993492102395_nutrition_en_full_crop_0007.png	Serving
8993492102395_nutrition_en_full_crop_0011.png	25
8993492102395_nutrition_en_full_crop_0012.png	Sajian
8993492102395_nutrition_en_full_crop_0015.png	Serving
8993492102395_nutrition_en_full_crop_0016.png	Per
8993492102395_nutrition_en_full_crop_0017.png	per
8993492102395_nutrition_en_full_crop_0020.png	PERSAJIAN
8993492102395_nutrition_en_full_crop_0022.png	AMOUNT
8993492102395_nutrition_en_full_crop_0023.png	PER
8993492102395_nutrition_en_full_crop_0024.png	Energh
8993492102395_nutrition_en_full_crop_0025.png	kkal/kcal
8993492102395_nutrition_en_full_crop_0031.png	kkal/Kca’
8993492102395_nutrition_en_full_crop_0032.png	dari
8993492102395_nutrition_en_full_crop_0034.png	\emak
8993492102395_nutrition_en_full_crop_0036.png	jrom
8993492102395_nutrition_en_full_crop_0037.png	jat
8993492102395_nutrition_en_full_crop_0039.png	%DaIlY
8993492102395_nutrition_en_full_crop_0043.png	14%
8993492102395_nutrition_en_full_crop_0047.png	Fat
8993492102395_nutrition_en_full_crop_0048.png	Kolesterol
8993492102395_nutrition_en_full_crop_0049.png	Cholesterol
8993492102395_nutrition_en_full_crop_0053.png	0%
8993492102395_nutrition_en_full_crop_0054.png	Trans
8993492102395_nutrition_en_full_crop_0056.png	Trans
8993492102395_nutrition_en_full_crop_0058.png	Fat
8993492102395_nutrition_en_full_crop_0060.png	jJenuh
8993492102395_nutrition_en_full_crop_0061.png	Protein
8993492102395_nutrition_en_full_crop_0063.png	4155
8993492102395_nutrition_en_full_crop_0067.png	Protein
8993492102395_nutrition_en_full_crop_0068.png	Karbohidrat
8993492102395_nutrition_en_full_crop_0069.png	4s
8993492102395_nutrition_en_full_crop_0070.png	2%
8993492102395_nutrition_en_full_crop_0073.png	Carbohydrate
8993492102395_nutrition_en_full_crop_0076.png	Pangan
8993492102395_nutrition_en_full_crop_0077.png	Gula
8993492102395_nutrition_en_full_crop_0078.png	Dietary
8993492102395_nutrition_en_full_crop_0081.png	Sugar
8993492102395_nutrition_en_full_crop_0082.png	Saram
8993492102395_nutrition_en_full_crop_0083.png	erage,
8993492102395_nutrition_en_full_crop_0084.png	2g
8993492102395_nutrition_en_full_crop_0087.png	Persen
8993492102395_nutrition_en_full_crop_0088.png	Sodium
8993492102395_nutrition_en_full_crop_0090.png	ms
8993492102395_nutrition_en_full_crop_0091.png	RCO?
8993492102395_nutrition_en_full_crop_0092.png	AKG
8993492102395_nutrition_en_full_crop_0093.png	energ!
8993492102395_nutrition_en_full_crop_0094.png	berdasarkan
8993492102395_nutrition_en_full_crop_0099.png	kebutuhan
8993492102395_nutrition_en_full_crop_0100.png	energ/
8993492102395_nutrition_en_full_crop_0102.png	mungkin
8993492102395_nutrition_en_full_crop_0103.png	Percent
8993492102395_nutrition_en_full_crop_0104.png	lebih
8993492102395_nutrition_en_full_crop_0105.png	‘youses
8993492102395_nutrition_en_full_crop_0106.png	akan
8993492102395_nutrition_en_full_crop_0107.png	lebih
8993492102395_nutrition_en_full_crop_0109.png	anggi
8993492102395_nutrition_en_full_crop_0110.png	may
8993492102395_nutrition_en_full_crop_0111.png	Daily
8993492102395_nutrition_en_full_crop_0114.png	Value
8993492102395_nutrition_en_full_crop_0116.png	higher
8993492102395_nutrition_en_full_crop_0118.png	are
8993492102395_nutrition_en_full_crop_0119.png	based
8993492102395_nutrition_en_full_crop_0124.png	or
8993492102395_nutrition_en_full_crop_0127.png	ca/orie
8993492102395_nutrition_en_full_crop_0128.png	depending
8993492102395_nutrition_en_full_crop_0129.png	your
8993492102395_nutrition_en_full_crop_0131.png	PRODUCE
8993492102395_nutrition_en_full_crop_0132.png	CALTIOW
8993492102395_nutrition_en_full_crop_0134.png	CONTAINS
8993492102395_nutrition_en_full_crop_0135.png	Allergen
8993492102395_nutrition_en_full_crop_0137.png	WITH
8993492102395_nutrition_en_full_crop_0138.png	ALLERGIES
8993492102395_nutrition_en_full_crop_0139.png	NUT
3161911393210_nutrition_en_full_crop_0002.png	Prancis
3161911393210_nutrition_en_full_crop_0003.png	produksi
3161911393210_nutrition_en_full_crop_0004.png	di
3161911393210_nutrition_en_full_crop_0006.png	by
3161911393210_nutrition_en_full_crop_0014.png	sur-Vire,
3161911393210_nutrition_en_full_crop_0019.png	Produits
3161911393210_nutrition_en_full_crop_0023.png	Pr R-Elie
3161911393210_nutrition_en_full_crop_0034.png	imbortes
3161911393210_nutrition_en_full_crop_0035.png	Tinut,
3161911393210_nutrition_en_full_crop_0036.png	Kav.
3161911393210_nutrition_en_full_crop_0038.png	DIAYA
3161911393210_nutrition_en_full_crop_0063.png	i
3161911393210_nutrition_en_full_crop_0064.png	Chin
3161911393210_nutrition_en_full_crop_0106.png	Edible
3161911393210_nutrition_en_full_crop_0111.png	Lom
3161911393210_nutrition_en_full_crop_0116.png	DELTA
3161911393210_nutrition_en_full_crop_0138.png	No.
8997226414020_nutrition_en_full_crop_0006.png	Size
8997226414020_nutrition_en_full_crop_0007.png	15
8997226414020_nutrition_en_full_crop_0008.png	V/Serving
8997226414020_nutrition_en_full_crop_0015.png	per
8997226414020_nutrition_en_full_crop_0016.png	per
8997226414020_nutrition_en_full_crop_0035.png	from
8997226414020_nutrition_en_full_crop_0036.png	Energy
8997226414020_nutrition_en_full_crop_0038.png	Gari
8997226414020_nutrition_en_full_crop_0042.png	20
8997226414020_nutrition_en_full_crop_0060.png	WT LO AIA sr ©
8997226414020_nutrition_en_full_crop_0061.png	mg
8997226414020_nutrition_en_full_crop_0065.png	2.
8997226414020_nutrition_en_full_crop_0074.png	Carbohydrate
8997226414020_nutrition_en_full_crop_0076.png	Karbohidrat
8997226414020_nutrition_en_full_crop_0079.png	Pangan/Dietary
8997226414020_nutrition_en_full_crop_0082.png	11%
8881300209575_nutrition_en_full_crop_0004.png	Container
8881300209575_nutrition_en_full_crop_0006.png	Servings
8881300209575_nutrition_en_full_crop_0007.png	=d-1 a
8881300209575_nutrition_en_full_crop_0010.png	sachet)
